year,month,decade,date,date2,eile,t_mean,t_longterm,precip,snow,precip_longterm,t_max,t_min,humidity
2008,Jan,1,2008-Jan-01,1-Jan,a1,,,,,,,,
2008,Jan,2,2008-Jan-02,2-Jan,a2,,,,,,,,
2008,Jan,3,2008-Jan-03,3-Jan,a3,,,,,,,,
2008,Feb,1,2008-Feb-01,1-Feb,a4,,,,,,,,
2008,Feb,2,2008-Feb-02,2-Feb,a5,,,,,,,,
2008,Feb,3,2008-Feb-03,3-Feb,a6,,,,,,,,
2008,Mar,1,2008-Mar-01,1-Mar,a7,,,,,,,,
2008,Mar,2,2008-Mar-02,2-Mar,a8,,,,,,,,
2008,Mar,3,2008-Mar-03,3-Mar,a9,,,,,,,,
2008,Apr,1,2008-Apr-01,1-Apr,a10,,,,,,,,
2008,Apr,2,2008-Apr-02,2-Apr,a11,,,,,,,,
2008,Apr,3,2008-Apr-03,3-Apr,a12,,,,,,,,
2008,May,1,2008-May-01,1-May,a13,,,,,,,,
2008,May,2,2008-May-02,2-May,a14,,,,,,,,
2008,May,3,2008-May-03,3-May,a15,,,,,,,,
2008,Jun,1,2008-Jun-01,1-Jun,a16,,,,,,,,
2008,Jun,2,2008-Jun-02,2-Jun,a17,,,,,,,,
2008,Jun,3,2008-Jun-03,3-Jun,a18,,,,,,,,
2008,Jul,1,2008-Jul-01,1-Jul,a19,,,,,,,,
2008,Jul,2,2008-Jul-02,2-Jul,a20,,,,,,,,
2008,Jul,3,2008-Jul-03,3-Jul,a21,,,,,,,,
2008,Aug,1,2008-Aug-01,1-Aug,a22,,,,,,,,
2008,Aug,2,2008-Aug-02,2-Aug,a23,,,,,,,,
2008,Aug,3,2008-Aug-03,3-Aug,a24,,,,,,,,
2008,Sep,1,2008-Sep-01,1-Sep,a25,,,,,,,,
2008,Sep,2,2008-Sep-02,2-Sep,a26,,,,,,,,
2008,Sep,3,2008-Sep-03,3-Sep,a27,,,,,,,,
2008,Oct,1,2008-Oct-01,1-Oct,a28,,,,,,,,
2008,Oct,2,2008-Oct-02,2-Oct,a29,,,,,,,,
2008,Oct,3,2008-Oct-03,3-Oct,a30,,,,,,,,
2008,Nov,1,2008-Nov-01,1-Nov,a31,3.3,3.4,1.9,,15,10.3,-2.3,90.6
2008,Nov,2,2008-Nov-02,2-Nov,a32,4.83,1.5,16.7,,15,11.9,-3.6,86.3
2008,Nov,3,2008-Nov-03,3-Nov,a33,1.31,0.4,7.7,8,14,7.2,-4.5,85.4
2008,Dec,1,2008-Dec-01,1-Dec,a34,2.53,-2,38.6,,13,7.4,-2.4,88.9
2008,Dec,2,2008-Dec-02,2-Dec,a35,-0.21,-2.4,9.3,3,15,4.2,-4.2,88.4
2008,Dec,3,2008-Dec-03,3-Dec,a36,-1.190909091,-3,10.4,1.6,16,5.2,-7,88.09090909
2009,Jan,1,2009-Jan-01,1-Jan,a37,-6.7,-3.8,13,41,12,3.4,-23.8,85
2009,Jan,2,2009-Jan-02,2-Jan,a38,-2.19,-2.6,0.4,,10,3.1,-9,80
2009,Jan,3,2009-Jan-03,3-Jan,a39,0.163636364,-3.4,27.6,10,16,2.1,-11,94
2009,Feb,1,2009-Feb-01,1-Feb,a40,-4.47,-3.5,1.8,28.6,10,5.8,-16.9,85
2009,Feb,2,2009-Feb-02,2-Feb,a41,-3.3,-3.6,10.1,22,11,2,-11.8,86
2009,Feb,3,2009-Feb-03,3-Feb,a42,-2.5625,-3.4,6.8,36.2,7,2.5,-15.6,86
2009,Mar,1,2009-Mar-01,1-Mar,a43,4,-1.4,9.9,8.6,10,-7.2,-4.5,82
2009,Mar,2,2009-Mar-02,2-Mar,a44,6.3,0.2,19.5,3,11.8,-2.6,-4.8,83
2009,Mar,3,2009-Mar-03,3-Mar,a45,9.8,2.4,24.5,,12,-4.6,-2.8,75
2009,Apr,1,2009-Apr-01,1-Apr,a46,8.08,4.9,0,,14,18.7,-0.7,65
2009,Apr,2,2009-Apr-02,2-Apr,a47,7.15,6.4,0,,11,15.5,-2.7,66
2009,Apr,3,2009-Apr-03,3-Apr,a48,11.26,9.5,13.1,,8,25.2,-1.8,48
2009,May,1,2009-May-01,1-May,a49,11.55,11.4,7.9,,13,22.1,3.1,62
2009,May,2,2009-May-02,2-May,a50,11.38,12.9,4.3,,16,19.4,4,66
2009,May,3,2009-May-03,3-May,a51,14.85,13.9,14.5,,19,25.5,5,60
2009,Jun,1,2009-Jun-01,1-Jun,a52,12.59,15.4,51.4,,14,23.1,5.2,74
2009,Jun,2,2009-Jun-02,2-Jun,a53,13.31,15.3,38.9,,22,22.9,5.7,71
2009,Jun,3,2009-Jun-03,3-Jun,a54,17.87,16.3,78.3,,25,26.5,8.1,75
2009,Jul,1,2009-Jul-01,1-Jul,a55,17.59,17.7,34.3,,16,27,8.5,70
2009,Jul,2,2009-Jul-02,2-Jul,a56,18.98,18.3,27.5,,28,30.1,9.6,72
2009,Jul,3,2009-Jul-03,3-Jul,a57,17.84,18.4,28.2,,26,26.4,11.2,73
2009,Aug,1,2009-Aug-01,1-Aug,a58,18.33,18.6,0,,17,25.7,8.8,62
2009,Aug,2,2009-Aug-02,2-Aug,a59,16.39,17.5,30.3,,19,26.5,9.7,71
2009,Aug,3,2009-Aug-03,3-Aug,a60,15.74,15.8,36.8,,26,25.4,7.5,73
2009,Sep,1,2009-Sep-01,1-Sep,a61,16.06,13.9,8.4,,17,25.1,8.5,71
2009,Sep,2,2009-Sep-02,2-Sep,a62,13.45,11.9,26.2,,15,20.3,5.8,71
2009,Sep,3,2009-Sep-03,3-Sep,a63,12.33,11.1,13.6,,14,19.4,3.2,72
2009,Oct,1,2009-Oct-01,1-Oct,a64,7.34,9.3,44.4,,18,14.9,-0.4,78
2009,Oct,2,2009-Oct-02,2-Oct,a65,2.78,7.1,35.3,,13,8.3,-1,85
2009,Oct,3,2009-Oct-03,3-Oct,a66,5.49,5.2,15.7,,18,10.7,-1.6,82
2009,Nov,1,2009-Nov-01,1-Nov,a67,1.04,3.4,15.6,8,15,6,-3.4,83
2009,Nov,2,2009-Nov-02,2-Nov,a68,4.4,1.5,27.6,,15,9,0.4,90
2009,Nov,3,2009-Nov-03,3-Nov,a69,6.33,0.4,20.3,,14,10.3,2.4,84
2009,Dec,1,2009-Dec-01,1-Dec,a70,3.04,-2,6.6,,13,7.6,0,86
2009,Dec,2,2009-Dec-02,2-Dec,a71,-8.33,-2.4,5,6.6,15,2.2,-16.1,69
2009,Dec,3,2009-Dec-03,3-Dec,a72,-2.290909091,-3,38.3,60.9,16,3.2,-17,83
2010,Jan,1,2010-Jan-01,1-Jan,a73,-8.75,-3.8,5.6,63,12,-3.6,-19,78.5
2010,Jan,2,2010-Jan-02,2-Jan,a74,-9.65,-2.6,0,63,10,-4.6,-18.6,75.5
2010,Jan,3,2010-Jan-03,3-Jan,a75,-13.58181818,-3.4,13,134.5,16,-0.9,-26.2,73.81818182
2010,Feb,1,2010-Feb-01,1-Feb,a76,-7.21,-3.5,8.2,255,10,-0.8,-15,77.1
2010,Feb,2,2010-Feb-02,2-Feb,a77,-4.57,-3.6,20.9,326,11,1.7,-14.2,87.6
2010,Feb,3,2010-Feb-03,3-Feb,a78,-0.4,-3.4,7.8,246,7,3.4,-8.8,82.375
2010,Mar,1,2010-Mar-01,1-Mar,a79,-4.04,-1.4,4.9,104,10,4.8,-15,70.4
2010,Mar,2,2010-Mar-02,2-Mar,a80,-2.08,0.2,3.5,82,11.8,8.8,-16.8,74
2010,Mar,3,2010-Mar-03,3-Mar,a81,5.627272727,2.4,13.7,,12,16.8,-2.3,76.09090909
2010,Apr,1,2010-Apr-01,1-Apr,a82,5.78,4.9,38.9,,14,14.9,-1,79.7
2010,Apr,2,2010-Apr-02,2-Apr,a83,8.42,6.4,0,,11,17.2,0,56.9
2010,Apr,3,2010-Apr-03,3-Apr,a84,7.71,9.5,5.3,,8,23,-2.5,58.5
2010,May,1,2010-May-01,1-May,a85,10.68,11.4,34.1,,13,23.5,2.8,71.2
2010,May,2,2010-May-02,2-May,a86,16.53,12.9,40.5,,16,25,8.2,75.3
2010,May,3,2010-May-03,3-May,a87,13.81818182,13.9,19.6,,19,24.8,4.2,67.18181818
2010,Jun,1,2010-Jun-01,1-Jun,a88,17.12,15.4,13.1,,14,25.6,6.3,78.7
2010,Jun,2,2010-Jun-02,2-Jun,a89,15.17,15.3,28.2,,22,28.8,7,77.9
2010,Jun,3,2010-Jun-03,3-Jun,a90,16.43,16.3,31.1,,25,27.1,9.6,81.1
2010,Jul,1,2010-Jul-01,1-Jul,a91,19.79,17.7,8.1,,16,28.8,11.2,78.5
2010,Jul,2,2010-Jul-02,2-Jul,a92,23.4,18.3,3,,28,32,15.2,78.7
2010,Jul,3,2010-Jul-03,3-Jul,a93,21.99090909,18.4,130.9,,26,33.6,14.2,76.81818182
2010,Aug,1,2010-Aug-01,1-Aug,a94,21.39,18.6,37.9,,17,34.3,15.3,78.1
2010,Aug,2,2010-Aug-02,2-Aug,a95,22.04,17.5,21.2,,19,33.5,14,78.5
2010,Aug,3,2010-Aug-03,3-Aug,a96,16.18181818,15.8,12,,26,24.8,8.3,79.72727273
2010,Sep,1,2010-Sep-01,1-Sep,a97,11.93,13.9,0.9,,17,19.2,5.6,76.1
2010,Sep,2,2010-Sep-02,2-Sep,a98,12.54,11.9,22.7,,15,20,6.8,85
2010,Sep,3,2010-Sep-03,3-Sep,a99,11.24,11.1,28.5,,14,20.4,1.1,82.2
2010,Oct,1,2010-Oct-01,1-Oct,a100,5.87,9.3,0,,18,13.9,-1.6,76.3
2010,Oct,2,2010-Oct-02,2-Oct,a101,4.05,7.1,13.5,,13,10.7,-2,83.5
2010,Oct,3,2010-Oct-03,3-Oct,a102,5.118181818,5.2,24.5,,18,10.6,-1,85.81818182
2010,Nov,1,2010-Nov-01,1-Nov,a103,5.64,3.4,43.9,,15,11.8,0.7,92.6
2010,Nov,2,2010-Nov-02,2-Nov,a104,6.66,1.5,12.5,,15,11.4,2.3,90.2
2010,Nov,3,2010-Nov-03,3-Nov,a105,-2.6,0.4,14.7,22,14,6.8,-13.9,88.5
2010,Dec,1,2010-Dec-01,1-Dec,a106,-6.59,-2,19,52,13,-0.3,-16.4,86.9
2010,Dec,2,2010-Dec-02,2-Dec,a107,-9.8,-2.4,17.4,191,15,-2.6,-17.6,86.5
2010,Dec,3,2010-Dec-03,3-Dec,a108,-6.2,-3,23.2,309.0909091,16,-0.1,-13.8,91.72727273
2011,Jan,1,2011-Jan-01,1-Jan,a109,-2.64,-3.8,18.7,404,12,2.4,-13.3,90.8
2011,Jan,2,2011-Jan-02,2-Jan,a110,-1.21,-2.6,11.1,199,10,4.3,-13.7,90.7
2011,Jan,3,2011-Jan-03,3-Jan,a111,-5.390909091,-3.4,9.6,147.2727273,16,1.5,-18.2,88.72727273
2011,Feb,1,2011-Feb-01,1-Feb,a112,0.44,-3.5,11.6,89,10,4.4,-6.8,86
2011,Feb,2,2011-Feb-02,2-Feb,a113,-11.53,-3.6,7.2,24,11,2.1,-19.7,76.3
2011,Feb,3,2011-Feb-03,3-Feb,a114,-13.4875,-3.4,0,60,7,-0.3,-22.3,76.75
2011,Mar,1,2011-Mar-01,1-Mar,a115,-2.98,-1.4,0.8,52,10,4.6,-18.2,75.6
2011,Mar,2,2011-Mar-02,2-Mar,a116,1.5,0.2,5.9,7.5,11.8,7.9,-3.7,77.5
2011,Mar,3,2011-Mar-03,3-Mar,a117,1.481818182,2.4,2.8,,12,7.6,-4.8,74.36363636
2011,Apr,1,2011-Apr-01,1-Apr,a118,6.19,4.9,11.8,,14,14.5,0.3,79.6
2011,Apr,2,2011-Apr-02,2-Apr,a119,6.45,6.4,3.8,,11,17,-1,69.7
2011,Apr,3,2011-Apr-03,3-Apr,a120,13.82,9.5,0,,8,24,4.6,51.8
2011,May,1,2011-May-01,1-May,a121,9.29,11.4,9.2,,13,23.5,-1.3,65.7
2011,May,2,2011-May-02,2-May,a122,13.9,12.9,13.6,,16,25.3,4.2,68.8
2011,May,3,2011-May-03,3-May,a123,15.56363636,13.9,24,,19,27.3,6.6,69.72727273
2011,Jun,1,2011-Jun-01,1-Jun,a124,21.27,15.4,6.2,,14,31.2,9.3,63.9
2011,Jun,2,2011-Jun-02,2-Jun,a125,16.31,15.3,15.2,,22,23.5,7.1,74.1
2011,Jun,3,2011-Jun-03,3-Jun,a126,16.81,16.3,22.9,,25,26.9,8.5,75.4
2011,Jul,1,2011-Jul-01,1-Jul,a127,19.22,17.7,49.1,,16,27.6,9.6,82.4
2011,Jul,2,2011-Jul-02,2-Jul,a128,19.54,18.3,42.2,,28,29.1,10.7,79.7
2011,Jul,3,2011-Jul-03,3-Jul,a129,20.4,18.4,23.7,,26,31.7,11.7,80.09090909
2011,Aug,1,2011-Aug-01,1-Aug,a130,17.96,18.6,40.1,,17,28.9,10.9,73.1
2011,Aug,2,2011-Aug-02,2-Aug,a131,16.81,17.5,55.1,,19,26.2,10,85
2011,Aug,3,2011-Aug-03,3-Aug,a132,17.35454545,15.8,8.6,,26,28.4,9.6,78.09090909
2011,Sep,1,2011-Sep-01,1-Sep,a133,13.97,13.9,23,,17,23.1,7.4,83
2011,Sep,2,2011-Sep-02,2-Sep,a134,13.73,11.9,26.4,,15,21.3,6.9,83.8
2011,Sep,3,2011-Sep-03,3-Sep,a135,13.3,11.1,4.6,,14,20.7,7,84.4
2011,Oct,1,2011-Oct-01,1-Oct,a136,11.27,9.3,3.1,,18,19.3,4.3,85
2011,Oct,2,2011-Oct-02,2-Oct,a137,6.01,7.1,19.4,,13,13.3,-0.2,82.2
2011,Oct,3,2011-Oct-03,3-Oct,a138,5.590909091,5.2,1.4,,18,12.4,-1.2,85.36363636
2011,Nov,1,2011-Nov-01,1-Nov,a139,4.36,3.4,0,,15,10.6,-1.7,91.2
2011,Nov,2,2011-Nov-02,2-Nov,a140,2.8,1.5,3.5,,15,7.5,-2.9,90.5
2011,Nov,3,2011-Nov-03,3-Nov,a141,4.44,0.4,18.2,,14,8.4,-0.3,91.8
2011,Dec,1,2011-Dec-01,1-Dec,a142,2.39,-2,19.7,1,13,6.8,-2,90
2011,Dec,2,2011-Dec-02,2-Dec,a143,2,-2.4,11,,15,6.4,-3.6,89.4
2011,Dec,3,2011-Dec-03,3-Dec,a144,1.236363636,-3,13.8,,16,8.6,-5,91.36363636
2012,Jan,1,2012-Jan-01,1-Jan,a145,0.98,-3.8,25.8,2.727272727,12,5.1,-2.9,93.4
2012,Jan,2,2012-Jan-02,2-Jan,a146,-1.07,-2.6,26,15,10,6.4,-7.4,89.2
2012,Jan,3,2012-Jan-03,3-Jan,a147,-8.927272727,-3.4,6.1,70,16,0.3,-19.7,82.54545455
2012,Feb,1,2012-Feb-01,1-Feb,a148,-18.51,-3.5,0.8,90,10,-8.1,-27.6,77.9
2012,Feb,2,2012-Feb-02,2-Feb,a149,-8.71,-3.6,14.3,145,11,3.6,-26.6,83.9
2012,Feb,3,2012-Feb-03,3-Feb,a150,0.066666667,-3.4,16.8,68.88888889,7,5.5,-7,87.44444444
2012,Mar,1,2012-Mar-01,1-Mar,a151,-1.32,-1.4,0.9,,10,4.4,-8.3,78.2
2012,Mar,2,2012-Mar-02,2-Mar,a152,2.46,0.2,5.1,0.909090909,11.8,14.2,-2.8,83.6
2012,Mar,3,2012-Mar-03,3-Mar,a153,4.372727273,2.4,8.4,,12,14.2,-1.7,77.3
2012,Apr,1,2012-Apr-01,1-Apr,a154,1.6,4.9,9.4,1.818181818,14,9.6,-4.6,68.3
2012,Apr,2,2012-Apr-02,2-Apr,a155,7.53,6.4,22.2,,11,18,-2,69.7
2012,Apr,3,2012-Apr-03,3-Apr,a156,12.8,9.5,15.8,,8,25,2.6,73.4
2012,May,1,2012-May-01,1-May,a157,12.4,11.4,6.7,,13,22.8,2.2,62.9
2012,May,2,2012-May-02,2-May,a158,12.07,12.9,26,,16,25.4,2.6,73.6
2012,May,3,2012-May-03,3-May,a159,15.30909091,13.9,9.4,,19,28.5,3.7,66.27272727
2012,Jun,1,2012-Jun-01,1-Jun,a160,12.86,15.4,16.9,,14,23.2,4.3,70
2012,Jun,2,2012-Jun-02,2-Jun,a161,16.54,15.3,18.7,,22,24.4,8.6,72.1
2012,Jun,3,2012-Jun-03,3-Jun,a162,15.3,16.3,43,,25,24.4,9.2,80
2012,Jul,1,2012-Jul-01,1-Jul,a163,20.72,17.7,63.5,,16,31,11.5,81.2
2012,Jul,2,2012-Jul-02,2-Jul,a164,15.74,18.3,33,,28,25,9.8,81.5
2012,Jul,3,2012-Jul-03,3-Jul,a165,20.10909091,18.4,23.8,,26,34.2,9.3,72.90909091
2012,Aug,1,2012-Aug-01,1-Aug,a166,17.99,18.6,43.1,,17,29.3,10.9,77.5
2012,Aug,2,2012-Aug-02,2-Aug,a167,16.43,17.5,3.3,,19,24.7,10.9,80.2
2012,Aug,3,2012-Aug-03,3-Aug,a168,15.3,15.8,35.5,,26,22,5.6,80.45454545
2012,Sep,1,2012-Sep-01,1-Sep,a169,14.06,13.9,7.7,,17,20.8,4.7,80.2
2012,Sep,2,2012-Sep-02,2-Sep,a170,13.87,11.9,24.4,,15,24.7,8.5,82.9
2012,Sep,3,2012-Sep-03,3-Sep,a171,11.56,11.1,10.7,,14,23,4.6,84.8
2012,Oct,1,2012-Oct-01,1-Oct,a172,9.82,9.3,34.7,,18,16.6,3.4,88.2
2012,Oct,2,2012-Oct-02,2-Oct,a173,8.43,7.1,14.5,,13,16.4,0.8,87.2
2012,Oct,3,2012-Oct-03,3-Oct,a174,3.627272727,5.2,12.4,,18,11.7,-3.9,90.54545455
2012,Nov,1,2012-Nov-01,1-Nov,a175,5.48,3.4,38.6,,15,9.6,0.5,90.4
2012,Nov,2,2012-Nov-02,2-Nov,a176,3.66,1.5,5.7,,15,9.2,-0.1,92.4
2012,Nov,3,2012-Nov-03,3-Nov,a177,3.9,0.4,43.5,,14,5.45,1.74,94.81
2012,Dec,1,2012-Dec-01,1-Dec,a178,-3.19,-2,7.4,,13,-1.75,-5.23,89.9
2012,Dec,2,2012-Dec-02,2-Dec,a179,-6.67,-2.4,28.8,,15,-5.55,-8.71,86.4
2012,Dec,3,2012-Dec-03,3-Dec,a180,-4.036363636,-3,13.3,,16,-1.945454545,-7.663636364,83.45454545
2013,Jan,1,2013-Jan-01,1-Jan,a181,-0.82,-3.8,13.8,7,12,3.7,-7.3,86.2
2013,Jan,2,2013-Jan-02,2-Jan,a182,-10.7,-2.6,10.1,103,10,-5.1,-21,87.1
2013,Jan,3,2013-Jan-03,3-Jan,a183,-9.336363636,-3.4,11.6,118.1818182,16,3,-21,88.27272727
2013,Feb,1,2013-Feb-01,1-Feb,a184,-0.45,-3.5,22.2,25,10,2.5,-6.1,90.2
2013,Feb,2,2013-Feb-02,2-Feb,a185,-2.32,-3.6,20.7,,11,2.2,-8.5,87.4
2013,Feb,3,2013-Feb-03,3-Feb,a186,-2.35,-3.4,0,160,7,5.7,-11.2,78.375
2013,Mar,1,2013-Mar-01,1-Mar,a187,-2.95,-1.4,1.9,49,10,7.1,-13.2,71.3
2013,Mar,2,2013-Mar-02,2-Mar,a188,-7.18,0.2,0.4,29,11.8,-0.8,-13.8,65.9
2013,Mar,3,2013-Mar-03,3-Mar,a189,-4.472727273,2.4,6.3,25.45454545,12,3.1,-15.4,71.27272727
2013,Apr,1,2013-Apr-01,1-Apr,a190,-0.79,4.9,30.3,,14,5.6,-11.6,82.1
2013,Apr,2,2013-Apr-02,2-Apr,a191,7,6.4,12.8,17.5,11,20.6,-0.5,79.3
2013,Apr,3,2013-Apr-03,3-Apr,a192,8.08,9.5,3.1,,8,18,-0.7,68.6
2013,May,1,2013-May-01,1-May,a193,14.54,11.4,0,,13,28.5,0.2,55.9
2013,May,2,2013-May-02,2-May,a194,17.49,12.9,19.4,,16,28.8,6.8,75.2
2013,May,3,2013-May-03,3-May,a195,16.00909091,13.9,30.2,,19,24.2,8.5,78.18181818
2013,Jun,1,2013-Jun-01,1-Jun,a196,18.98,15.4,16.1,,14,27.3,9.7,74.6
2013,Jun,2,2013-Jun-02,2-Jun,a197,16.87,15.3,1.6,,22,28.2,7.5,68.2
2013,Jun,3,2013-Jun-03,3-Jun,a198,19.93,16.3,28.7,,25,31.2,9.1,77.3
2013,Jul,1,2013-Jul-01,1-Jul,a199,19.04,17.7,2.1,,16,29.3,9,69.9
2013,Jul,2,2013-Jul-02,2-Jul,a200,17.63,18.3,56.3,,28,25.5,10.8,83.4
2013,Jul,3,2013-Jul-03,3-Jul,a201,18.86363636,18.4,45.9,,26,30.1,10.5,77
2013,Aug,1,2013-Aug-01,1-Aug,a202,20.95,18.6,25,,17,32.1,13.2,71.8
2013,Aug,2,2013-Aug-02,2-Aug,a203,17.13,17.5,15.2,,19,26.5,10.2,77.8
2013,Aug,3,2013-Aug-03,3-Aug,a204,16.23636364,15.8,2.2,,26,23,8.1,73.09090909
2013,Sep,1,2013-Sep-01,1-Sep,a205,14.49,13.9,23,,17,23.5,5.8,75
2013,Sep,2,2013-Sep-02,2-Sep,a206,14.61,11.9,43,,15,22.1,9.2,88.5
2013,Sep,3,2013-Sep-03,3-Sep,a207,8.55,11.1,11.8,,14,15.7,0,83.3
2013,Oct,1,2013-Oct-01,1-Oct,a208,8.53,9.3,0.4,,18,15.3,-0.7,81.8
2013,Oct,2,2013-Oct-02,2-Oct,a209,7.89,7.1,2.1,,13,14.2,-0.4,87.3
2013,Oct,3,2013-Oct-03,3-Oct,a210,9.154545455,5.2,26.4,,18,16.2,1.8,86.90909091
2013,Nov,1,2013-Nov-01,1-Nov,a211,6.3,3.4,28.7,,15,10.9,1,91.2
2013,Nov,2,2013-Nov-02,2-Nov,a212,4.31,1.5,8.6,,15,10.9,-2,90.9
2013,Nov,3,2013-Nov-03,3-Nov,a213,3.69,0.4,9.4,,14,8.7,-3.3,88.5
2013,Dec,1,2013-Dec-01,1-Dec,a214,-0.16,-2,19.8,11,13,5.7,-11.5,85.8
2013,Dec,2,2013-Dec-02,2-Dec,a215,1.62,-2.4,8.6,7,15,6.2,-4.9,91.6
2013,Dec,3,2013-Dec-03,3-Dec,a216,3.663636364,-3,8.5,,16,6.5,-0.4,86.27272727
2014,Jan,1,2014-Jan-01,1-Jan,a217,3.19,-3.8,25.2,,12,4.66,1.65,92.4
2014,Jan,2,2014-Jan-02,2-Jan,a218,-5.87,-2.6,10.6,30,10,-3.6,-8.1,82.6
2014,Jan,3,2014-Jan-03,3-Jan,a219,-13.66363636,-3.4,0.8,50,16,-10.47272727,-16.24545455,70.81818182
2014,Feb,1,2014-Feb-01,1-Feb,a220,-2.56,-3.5,9,50,10,0.05,-5.41,77.1
2014,Feb,2,2014-Feb-02,2-Feb,a221,1.68,-3.6,18.2,50,11,3.18,0.68,91.5
2014,Feb,3,2014-Feb-03,3-Feb,a222,1.7625,-3.4,0.2,,7,5,0.3,86.625
2014,Mar,1,2014-Mar-01,1-Mar,a223,3.17,-1.4,1.9,,10,6.83,0.58,81.4
2014,Mar,2,2014-Mar-02,2-Mar,a224,3.72,0.2,16,,11.8,8.09,0,73.9
2014,Mar,3,2014-Mar-03,3-Mar,a225,7.372727273,2.4,13.5,,12,12.35454545,3.672727273,74
2014,Apr,1,2014-Apr-01,1-Apr,a226,4.83,4.9,22.3,,14,9.56,0.49,69.8
2014,Apr,2,2014-Apr-02,2-Apr,a227,8.42,6.4,4.8,,11,14.08,3.16,67.9
2014,Apr,3,2014-Apr-03,3-Apr,a228,13.35,9.5,0,,8,20.4,5.62,47.5
2014,May,1,2014-May-01,1-May,a229,8.48,11.4,17.3,,13,13.03,3.98,66.5
2014,May,2,2014-May-02,2-May,a230,13.75,12.9,36.3,,16,18.75,9.36,78
2014,May,3,2014-May-03,3-May,a231,16.67272727,13.9,23.2,,19,22.08181818,11.77272727,73.09090909
2014,Jun,1,2014-Jun-01,1-Jun,a232,16.92,15.4,12.4,,14,22.23,12.12,75.3
2014,Jun,2,2014-Jun-02,2-Jun,a233,13.51,15.3,23.1,,22,18.61,9.18,79.2
2014,Jun,3,2014-Jun-03,3-Jun,a234,12.93,16.3,30.3,,25,17.29,8.77,78.7
2014,Jul,1,2014-Jul-01,1-Jul,a235,18.74,17.7,38.2,,16,24.76,13.12,75.1
2014,Jul,2,2014-Jul-02,2-Jul,a236,18.86,18.3,6.1,,28,24.68,13.42,75.5
2014,Jul,3,2014-Jul-03,3-Jul,a237,22.25454545,18.4,24.8,,26,28.99090909,15.74545455,65.81818182
2014,Aug,1,2014-Aug-01,1-Aug,a238,22.46,18.6,11.3,,17,28.82,17.03,71.1
2014,Aug,2,2014-Aug-02,2-Aug,a239,17.15,17.5,58.3,,19,22.15,13.19,77.1
2014,Aug,3,2014-Aug-03,3-Aug,a240,13.53636364,15.8,41.6,,26,18.4,9.836363636,81.36363636
2014,Sep,1,2014-Sep-01,1-Sep,a241,14.41,13.9,1.8,,17,20.35,9.37,78.3
2014,Sep,2,2014-Sep-02,2-Sep,a242,14.57,11.9,0.5,,15,20.39,9.61,76.2
2014,Sep,3,2014-Sep-03,3-Sep,a243,10.88,11.1,19.4,,14,15.01,7.26,83
2014,Oct,1,2014-Oct-01,1-Oct,a244,9.88,9.3,5.1,,18,14.5,6.26,78.6
2014,Oct,2,2014-Oct-02,2-Oct,a245,9.1,7.1,33.8,,13,12.47,6.55,90.7
2014,Oct,3,2014-Oct-03,3-Oct,a246,2.827272727,5.2,0,,18,7.509090909,-0.536363636,67.35454545
2014,Nov,1,2014-Nov-01,1-Nov,a247,6.59,3.4,18.3,,15,9.4,4.53,90.5
2014,Nov,2,2014-Nov-02,2-Nov,a248,3.96,1.5,0.5,,15,5.05,3,84.5
2014,Nov,3,2014-Nov-03,3-Nov,a249,-2.52,0.4,13.1,,14,-1.54,-3.69,91.7
2014,Dec,1,2014-Dec-01,1-Dec,a250,-2.6,-2,1.2,,13,-1.01,-4.27,92.4
2014,Dec,2,2014-Dec-02,2-Dec,a251,2.58,-2.4,27.5,,15,4.28,0.81,89.4
2014,Dec,3,2014-Dec-03,3-Dec,a252,-3.109090909,-3,23.7,,16,-0.090909091,-5.745454545,88.27272727
2015,Jan,1,2015-Jan-01,1-Jan,a253,-1.9,-3.8,26.1,40,12,0.52,-4.26,85.2
2015,Jan,2,2015-Jan-02,2-Jan,a254,1.31,-2.6,24.1,,10,2.88,-0.01,89.6
2015,Jan,3,2015-Jan-03,3-Jan,a255,-1.109090909,-3.4,21.4,80,16,0.009090909,-2.727272727,92
2015,Feb,1,2015-Feb-01,1-Feb,a256,-1.3,-3.5,2.6,40,10,0.98,-3.9,87.4
2015,Feb,2,2015-Feb-02,2-Feb,a257,-0.39,-3.6,1.3,,11,1.83,-2.32,80
2015,Feb,3,2015-Feb-03,3-Feb,a258,2.45,-3.4,0.7,,7,4.6625,0.6375,87.625
2015,Mar,1,2015-Mar-01,1-Mar,a259,3.76,-1.4,21.9,,10,6.74,1.37,86.1
2015,Mar,2,2015-Mar-02,2-Mar,a260,4.85,0.2,0,,11.8,10.11,0.06,63.7
2015,Mar,3,2015-Mar-03,3-Mar,a261,4.490909091,2.4,26.8,,12,9.045454545,1.363636364,74.72727273
2015,Apr,1,2015-Apr-01,1-Apr,a262,3.99,4.9,18.8,,14,8.43,0.9,80
2015,Apr,2,2015-Apr-02,2-Apr,a263,6.72,6.4,13.9,,11,10.99,3.22,64.04
2015,Apr,3,2015-Apr-03,3-Apr,a264,10.23,9.5,18.8,,8,16.41,4.46,66.8
2015,May,1,2015-May-01,1-May,a265,10.99,11.4,13.5,,13,16.81,5.76,70.2
2015,May,2,2015-May-02,2-May,a266,10.36,12.9,12.5,,16,15.27,6.23,72.6
2015,May,3,2015-May-03,3-May,a267,12.80909091,13.9,24.4,,19,18.35454545,7.054545455,70.45454545
2015,Jun,1,2015-Jun-01,1-Jun,a268,15.16,15.4,0,,14,21.49,8.58,63.1
2015,Jun,2,2015-Jun-02,2-Jun,a269,15.31,15.3,7.8,,22,20.77,9.49,68.2
2015,Jun,3,2015-Jun-03,3-Jun,a270,14.9,16.3,18.5,,25,19.64,9.83,76.3
2015,Jul,1,2015-Jul-01,1-Jul,a271,19.05,17.7,9.8,,16,25.3,12.87,69.5
2015,Jul,2,2015-Jul-02,2-Jul,a272,15.71,18.3,28.5,,28,21.16,11.43,77.6
2015,Jul,3,2015-Jul-03,3-Jul,a273,16.64545455,18.4,19.3,,26,21.8,12.1,75.45454545
2015,Aug,1,2015-Aug-01,1-Aug,a274,21.63,18.6,1.6,,17,29.07,13.69,64.7
2015,Aug,2,2015-Aug-02,2-Aug,a275,18.77,17.5,0.5,,19,25.7,11.86,59.4
2015,Aug,3,2015-Aug-03,3-Aug,a276,18.76363636,15.8,3.5,,26,25.80909091,12.37272727,62.27272727
2015,Sep,1,2015-Sep-01,1-Sep,a277,14.43,13.9,20.8,,17,19.48,9.99,77.5
2015,Sep,2,2015-Sep-02,2-Sep,a278,15.19,11.9,18.7,,15,20.48,10.54,78.5
2015,Sep,3,2015-Sep-03,3-Sep,a279,12.47,11.1,24.5,,14,17.09,8.74,80.7
2015,Oct,1,2015-Oct-01,1-Oct,a280,7.56,9.3,1.8,,18,12.34,3.09,78.4
2015,Oct,2,2015-Oct-02,2-Oct,a281,5.2,7.1,0,,13,9.65,1.52,73
2015,Oct,3,2015-Oct-03,3-Oct,a282,5.1,5.2,4.9,,18,9.418181818,1.436363636,84.45454545
2015,Nov,1,2015-Nov-01,1-Nov,a283,7.16,3.4,17.7,,15,10.07,5.05,86.9
2015,Nov,2,2015-Nov-02,2-Nov,a284,6.74,1.5,41.3,,15,9.04,4.4,91.8
2015,Nov,3,2015-Nov-03,3-Nov,a285,0.15,0.4,12.3,10,14,1.7,-1.28,89.5
2015,Dec,1,2015-Dec-01,1-Dec,a286,4.4,-2,4,,13,10.9,-18,
2015,Dec,2,2015-Dec-02,2-Dec,a287,2.4,-2.4,12.7,,15,10.9,-18,
2015,Dec,3,2015-Dec-03,3-Dec,a288,0.4,-3,25.1,40,16,10.9,-18,
2016,Jan,1,2016-Jan-01,1-Jan,a289,-15.36,-3.8,1.8,53,12,-2.7,-25.5,83
2016,Jan,2,2016-Jan-02,2-Jan,a290,-7.38,-2.6,8.4,7,10,-1.7,-19.2,87
2016,Jan,3,2016-Jan-03,3-Jan,a291,-1.845454545,-3.4,25.7,77.2,16,7.6,-19.3,90.90909091
2016,Feb,1,2016-Feb-01,1-Feb,a292,2.8,-3.5,17.6,,10,8.4,-1.7,85.2
2016,Feb,2,2016-Feb-02,2-Feb,a293,0.93,-3.6,46.6,2,11,5,-5.3,89.1
2016,Feb,3,2016-Feb-03,3-Feb,a294,0.6,-3.4,14.3,6.7,7,4.8,-4.8,87.11111111
2016,Mar,1,2016-Mar-01,1-Mar,a295,1.15,-1.4,18.8,,10,6.9,-2.9,85
2016,Mar,2,2016-Mar-02,2-Mar,a296,1.38,0.2,7.8,21,11.8,11,-7.3,81.6
2016,Mar,3,2016-Mar-03,3-Mar,a297,3.127272727,2.4,10.5,4.5,12,15.1,-5.7,72.81818182
2016,Apr,1,2016-Apr-01,1-Apr,a298,8,4.9,4.6,,14,17.7,-0.2,64.2
2016,Apr,2,2016-Apr-02,2-Apr,a299,7.47,6.4,30.3,,11,15.2,-0.5,72.8
2016,Apr,3,2016-Apr-03,3-Apr,a300,5.74,9.5,24.6,,8,15.8,-0.3,78
2016,May,1,2016-May-01,1-May,a301,14.9,11.4,2,,13,26.1,6.9,58.9
2016,May,2,2016-May-02,2-May,a302,12.3,12.9,25.3,,16,24.8,1.4,71.5
2016,May,3,2016-May-03,3-May,a303,17.68181818,13.9,0,,19,28.1,7.2,70
2016,Jun,1,2016-Jun-01,1-Jun,a304,16.24,15.4,5.5,,14,28.5,3.9,57.9
2016,Jun,2,2016-Jun-02,2-Jun,a305,15.69,15.3,40,,22,27.2,6,75.3
2016,Jun,3,2016-Jun-03,3-Jun,a306,20.68,16.3,11.9,,25,31.9,10.4,71.5
2016,Jul,1,2016-Jul-01,1-Jul,a307,17.39,17.7,63.2,,16,29.1,10.1,78.9
2016,Jul,2,2016-Jul-02,2-Jul,a308,17.76,18.3,19.6,,28,24.2,11.2,77.5
2016,Jul,3,2016-Jul-03,3-Jul,a309,20.44545455,18.4,45.4,,26,28.7,14.1,79
2016,Aug,1,2016-Aug-01,1-Aug,a310,17.62,18.6,65.1,,17,29.7,11.2,82.4
2016,Aug,2,2016-Aug-02,2-Aug,a311,15.17,17.5,28.2,,19,26.1,8.1,79.9
2016,Aug,3,2016-Aug-03,3-Aug,a312,18.30909091,15.8,15.9,,26,28.6,9.6,76.27272727
2016,Sep,1,2016-Sep-01,1-Sep,a313,16.41,13.9,4.6,,17,26.2,9.8,80.2
2016,Sep,2,2016-Sep-02,2-Sep,a314,14.21,11.9,0,,15,26.4,4.6,74.2
2016,Sep,3,2016-Sep-03,3-Sep,a315,11.41,11.1,4.1,,14,18.1,2.2,80.4
2016,Oct,1,2016-Oct-01,1-Oct,a316,8.77,9.3,49.6,,18,18.6,4,87.7
2016,Oct,2,2016-Oct-02,2-Oct,a317,3.04,7.1,0.3,,13,9.5,-2.1,82.2
2016,Oct,3,2016-Oct-03,3-Oct,a318,4.363636364,5.2,38,,18,6.15,0.2,86.09090909
2016,Nov,1,2016-Nov-01,1-Nov,a319,-0.01,3.4,27.8,20,15,6.1,-6.4,91.6
2016,Nov,2,2016-Nov-02,2-Nov,a320,2.24,1.5,36.6,23,15,7.9,-2.9,90.5
2016,Nov,3,2016-Nov-03,3-Nov,a321,1.6,0.4,14,13,14,7.9,-13.4,88.4
2016,Dec,1,2016-Dec-01,1-Dec,a322,0.5,-2,17.1,11,13,8.5,-7.5,86.7
2016,Dec,2,2016-Dec-02,2-Dec,a323,0.09,-2.4,9.5,19,15,5.1,-8.2,89.3
2016,Dec,3,2016-Dec-03,3-Dec,a324,2.081818182,-3,14.5,,16,8.2,-0.7,90.36363636
2017,Jan,1,2017-Jan-01,1-Jan,a325,-6.5,-3.8,7.9,30,12,4.3,-22,83
2017,Jan,2,2017-Jan-02,2-Jan,a326,-2.6,-2.6,5.7,20,10,2.8,-10,89
2017,Jan,3,2017-Jan-03,3-Jan,a327,-0.6,-3.4,0.6,,16,3,-6.8,90
2017,Feb,1,2017-Feb-01,1-Feb,a328,-5.2,-3.5,1.1,10,10,1.4,-14.8,75
2017,Feb,2,2017-Feb-02,2-Feb,a329,-0.7,-3.6,1.8,3,11,6.5,-8.2,90
2017,Feb,3,2017-Feb-03,3-Feb,a330,1.8,-3.4,22.2,21.3,7,9.2,-4.5,87
2017,Mar,1,2017-Mar-01,1-Mar,a331,2.2,-1.4,16.5,3,10,7.4,-1.9,88
2017,Mar,2,2017-Mar-02,2-Mar,a332,3.5,0.2,9.3,,11.8,9.5,-0.6,82
2017,Mar,3,2017-Mar-03,3-Mar,a333,4.8,2.4,13.1,,12,13,-2,71
2017,Apr,1,2017-Apr-01,1-Apr,a334,8.6,4.9,12.6,,14,20.7,-0.3,74
2017,Apr,2,2017-Apr-02,2-Apr,a335,3,6.4,7.9,,11,15.9,-2.7,71
2017,Apr,3,2017-Apr-03,3-Apr,a336,5.1,9.5,27.7,,8,12.3,-1.6,74
2017,May,1,2017-May-01,1-May,a337,9.3,11.4,0,,13,22.5,-0.5,56
2017,May,2,2017-May-02,2-May,a338,13.1,12.9,2.5,,16,26.3,-1.6,57
2017,May,3,2017-May-03,3-May,a339,15.7,13.9,0.9,,19,27,6.5,64
2017,Jun,1,2017-Jun-01,1-Jun,a340,14,15.4,20.9,,14,25,2.4,66
2017,Jun,2,2017-Jun-02,2-Jun,a341,16.7,15.3,20,,22,26.2,8,76
2017,Jun,3,2017-Jun-03,3-Jun,a342,15.5,16.3,31.2,,25,22.9,4.9,75
2017,Jul,1,2017-Jul-01,1-Jul,a343,15,17.7,39.3,,16,22.9,7.2,79
2017,Jul,2,2017-Jul-02,2-Jul,a344,16.4,18.3,30.3,,28,24.7,8.5,75
2017,Jul,3,2017-Jul-03,3-Jul,a345,18.4,18.4,84.2,,26,25.9,9.5,76
2017,Aug,1,2017-Aug-01,1-Aug,a346,18.6,18.6,16.5,,17,26.3,8.2,73
2017,Aug,2,2017-Aug-02,2-Aug,a347,19,17.5,12.5,,19,32.8,11,75
2017,Aug,3,2017-Aug-03,3-Aug,a348,14.7,15.8,24.2,,26,23.8,4.9,79
2017,Sep,1,2017-Sep-01,1-Sep,a349,14.4,13.9,54.6,,17,23.6,4,86
2017,Sep,2,2017-Sep-02,2-Sep,a350,13.4,11.9,46.5,,15,18.9,7.4,88
2017,Sep,3,2017-Sep-03,3-Sep,a351,12.1,11.1,22,,14,19.5,1.9,83
2017,Oct,1,2017-Oct-01,1-Oct,a352,8.3,9.3,41,,18,12.7,1.8,88
2017,Oct,2,2017-Oct-02,2-Oct,a353,10.2,7.1,22.7,,13,17,0.7,88
2017,Oct,3,2017-Oct-03,3-Oct,a354,4,5.2,25.6,,18,11.7,-0.5,87
2017,Nov,1,2017-Nov-01,1-Nov,a355,6,3.4,20.7,,15,10.2,0,92
2017,Nov,2,2017-Nov-02,2-Nov,a356,3.6,1.5,9.9,,15,7.2,0.5,89
2017,Nov,3,2017-Nov-03,3-Nov,a357,2.8375,0.4,8.4,,14,4.4875,1.25,88.125
2017,Dec,1,2017-Dec-01,1-Dec,a358,0.9,-2,24.1,8,13,5.5,-2.7,91
2017,Dec,2,2017-Dec-02,2-Dec,a359,0.2,-2.4,5.2,2,15,7.6,-2.7,91
2017,Dec,3,2017-Dec-03,3-Dec,a360,2,-3,35.1,9.1,16,6.8,-2.1,92
2018,Jan,1,2018-Jan-01,1-Jan,a361,1.8,-3.8,16.5,,12,7.1,-4.2,91
2018,Jan,2,2018-Jan-02,2-Jan,a362,-5.1,-2.6,10.6,22,10,0.5,-10.3,91
2018,Jan,3,2018-Jan-03,3-Jan,a363,-1.4,-3.4,28.4,34.5,16,4.5,-14.7,91
2018,Feb,1,2018-Feb-01,1-Feb,a364,-3.6,-3.5,10.5,11,10,1.5,-12,88
2018,Feb,2,2018-Feb-02,2-Feb,a365,-2.8,-3.6,5.7,23,11,1.9,-9.6,86
2018,Feb,3,2018-Feb-03,3-Feb,a366,-13.4,-3.4,0,60,7,-5.4,-19.4,77
2018,Mar,1,2018-Mar-01,1-Mar,a367,-5.9,-1.4,8.3,68,10,3.4,-18.1,81
2018,Mar,2,2018-Mar-02,2-Mar,a368,-0.6,0.2,2.6,,11.8,7.4,-9.8,74
2018,Mar,3,2018-Mar-03,3-Mar,a369,0.5,2.4,6.4,1,12,8,-6.4,71
2018,Apr,1,2018-Apr-01,1-Apr,a370,7.6,4.9,38.2,,14,22.6,-0.5,77
2018,Apr,2,2018-Apr-02,2-Apr,a371,11,6.4,4.8,,11,20.3,0.6,66
2018,Apr,3,2018-Apr-03,3-Apr,a372,11.3,9.5,9.1,,8,26,2,68
2018,May,1,2018-May-01,1-May,a373,15.4,11.4,9.8,,13,27.5,4.8,59
2018,May,2,2018-May-02,2-May,a374,16.1,12.9,29.3,,16,27.2,6.6,62
2018,May,3,2018-May-03,3-May,a375,18.8,13.9,1.1,,19,29.4,8.2,62
2018,Jun,1,2018-Jun-01,1-Jun,a376,17,15.4,2.7,,14,27.4,3.8,56
2018,Jun,2,2018-Jun-02,2-Jun,a377,18.8,15.3,7,,22,28.7,10.7,62
2018,Jun,3,2018-Jun-03,3-Jun,a378,16.7,16.3,24.4,,25,29.9,8.2,68
2018,Jul,1,2018-Jul-01,1-Jul,a379,16.3,17.7,45.1,,16,25.4,10.2,75
2018,Jul,2,2018-Jul-02,2-Jul,a380,21.3,18.3,37.7,,28,29.7,15.4,75
2018,Jul,3,2018-Jul-03,3-Jul,a381,23.6,18.4,0.5,,26,32.8,16.5,69
2018,Aug,1,2018-Aug-01,1-Aug,a382,23.2,18.6,5,,17,32.2,13.5,60
2018,Aug,2,2018-Aug-02,2-Aug,a383,19,17.5,11.8,,19,29,12.3,75
2018,Aug,3,2018-Aug-03,3-Aug,a384,16.7,15.8,20.2,,26,29.6,8.5,74
2018,Sep,1,2018-Sep-01,1-Sep,a385,18,13.9,0.9,,17,27.3,12.2,73
2018,Sep,2,2018-Sep-02,2-Sep,a386,15.8,11.9,0.6,,15,27.7,3.8,70
2018,Sep,3,2018-Sep-03,3-Sep,a387,11.1,11.1,17.6,,14,28.5,3,74
2018,Oct,1,2018-Oct-01,1-Oct,a388,9.7,9.3,11.3,,18,19.5,1.3,76
2018,Oct,2,2018-Oct-02,2-Oct,a389,10.1,7.1,0,,13,19,0.4,76
2018,Oct,3,2018-Oct-03,3-Oct,a390,5.3,5.2,21.5,,18,16.6,-0.5,86
2018,Nov,1,2018-Nov-01,1-Nov,a391,7.2,3.4,0.9,,15,14.5,0.2,93
2018,Nov,2,2018-Nov-02,2-Nov,a392,5.2,1.5,10.9,,15,9.3,-2.4,89
2018,Nov,3,2018-Nov-03,3-Nov,a393,-2.7,0.4,1.3,,14,1,-7,84
2018,Dec,1,2018-Dec-01,1-Dec,a394,-0.9,-2,24.1,7,13,5.1,-13.2,91
2018,Dec,2,2018-Dec-02,2-Dec,a395,-1.9,-2.4,13.3,51,15,1.2,-8,91
2018,Dec,3,2018-Dec-03,3-Dec,a396,-1.5,-3,23.4,51,16,3.4,-7,93
2019,Jan,1,2019-Jan-01,1-Jan,a397,-4.3,-3.8,13,36,12,4.7,-16.7,86
2019,Jan,2,2019-Jan-02,2-Jan,a398,-2.4,-2.6,23.5,46,10,2.6,-16.4,89
2019,Jan,3,2019-Jan-03,3-Jan,a399,-6.4,-3.4,12.3,151,16,0.8,-17.9,89
2019,Feb,1,2019-Feb-01,1-Feb,a400,0.5,-3.5,26.6,130,10,4.5,-4.4,88
2019,Feb,2,2019-Feb-02,2-Feb,a401,2.2,-3.6,12.6,11,11,8.6,-3.3,87
2019,Feb,3,2019-Feb-03,3-Feb,a402,0.7,-3.4,0,,7,9.2,-7.7,72
2019,Mar,1,2019-Mar-01,1-Mar,a403,2.5,-1.4,16.9,,10,11.4,-6.4,75
2019,Mar,2,2019-Mar-02,2-Mar,a404,2.6,0.2,13.6,,11.8,9.4,-4.2,80
2019,Mar,3,2019-Mar-03,3-Mar,a405,4.8,2.4,7.3,3,12,13.8,-4.4,75
2019,Apr,1,2019-Apr-01,1-Apr,a406,5.8,4.9,0,,14,16.7,-3.9,51
2019,Apr,2,2019-Apr-02,2-Apr,a407,6.7,6.4,0,,11,19.1,-3.9,50
2019,Apr,3,2019-Apr-03,3-Apr,a408,14.2,9.5,0,,8,26.6,2.3,46
2019,May,1,2019-May-01,1-May,a409,8.6,11.4,8,,13,19.7,-1.3,59
2019,May,2,2019-May-02,2-May,a410,14.3,12.9,4.7,,16,27.6,5.2,68
2019,May,3,2019-May-03,3-May,a411,15.5,13.9,42.7,,19,28.3,5.2,72
2019,Jun,1,2019-Jun-01,1-Jun,a412,19.9,15.4,0.1,,14,29.2,9.3,66
2019,Jun,2,2019-Jun-02,2-Jun,a413,21.9,15.3,16,,22,33.7,11.7,66
2019,Jun,3,2019-Jun-03,3-Jun,a414,20,16.3,0,,25,31.6,8.5,58
2019,Jul,1,2019-Jul-01,1-Jul,a415,15.2,17.7,19.4,,16,25.6,8.4,72
2019,Jul,2,2019-Jul-02,2-Jul,a416,16.5,18.3,22.4,,28,27.2,9.2,68
2019,Jul,3,2019-Jul-03,3-Jul,a417,20.1,18.4,24.2,,26,29.8,8.9,70
2019,Aug,1,2019-Aug-01,1-Aug,a418,16.4,18.6,48.7,,17,26.2,7.6,72
2019,Aug,2,2019-Aug-02,2-Aug,a419,19,17.5,3.1,,19,27.5,8.6,66
2019,Aug,3,2019-Aug-03,3-Aug,a420,19.1,15.8,55.2,,26,28.2,9.7,72
2019,Sep,1,2019-Sep-01,1-Sep,a421,17.3,13.9,3.1,,17,28,5.6,72
2019,Sep,2,2019-Sep-02,2-Sep,a422,12,11.9,0.9,,15,23.1,3.7,72
2019,Sep,3,2019-Sep-03,3-Sep,a423,9,11.1,44.5,,14,19.2,-1.7,82
2019,Oct,1,2019-Oct-01,1-Oct,a424,7.2,9.3,22.2,,18,14.3,-1.8,85
2019,Oct,2,2019-Oct-02,2-Oct,a425,12.4,7.1,8.3,,13,20.2,8.4,86
2019,Oct,3,2019-Oct-03,3-Oct,a426,8.4,5.2,4.4,,18,15.3,-2.6,85
2019,Nov,1,2019-Nov-01,1-Nov,a427,7.1,3.4,19,,15,12.7,0.7,91
2019,Nov,2,2019-Nov-02,2-Nov,a428,7,1.5,5.8,,15,11.9,-0.4,91
2019,Nov,3,2019-Nov-03,3-Nov,a429,0.5,0.4,4.7,,14,7.2,-4.4,83
2019,Dec,1,2019-Dec-01,1-Dec,a430,1.7,-2,18.2,6,13,7.8,-4.8,90
2019,Dec,2,2019-Dec-02,2-Dec,a431,2.2,-2.4,14,,15,9.7,-5.1,90
2019,Dec,3,2019-Dec-03,3-Dec,a432,3.1,-3,13.1,,16,6.6,-2.5,87
2020,Jan,1,2020-Jan-01,1-Jan,a433,2.1,-3.8,13.2,,12,6.8,-2.7,87
2020,Jan,2,2020-Jan-02,2-Jan,a434,3.3,-2.6,24.6,,10,7.2,-1.2,87
2020,Jan,3,2020-Jan-03,3-Jan,a435,2.8,-3.4,14.4,,16,6.3,-1.3,90
2020,Feb,1,2020-Feb-01,1-Feb,a436,1.6,-3.5,19.7,,10,8.6,-5.9,82
2020,Feb,2,2020-Feb-02,2-Feb,a437,3.1,-3.6,15.3,,11,10.5,-3.6,83
2020,Feb,3,2020-Feb-03,3-Feb,a438,2.3,-3.4,47.3,,7,10.5,-5.9,83
2020,Mar,1,2020-Mar-01,1-Mar,a439,4.6,-1.4,15.2,,10,8.7,-0.1,85
2020,Mar,2,2020-Mar-02,2-Mar,a440,4.2,0.2,16.2,,11.8,14.3,-4.9,72
2020,Mar,3,2020-Mar-03,3-Mar,a441,1.9,2.4,0.3,,12,16.3,-6.9,54
2020,Apr,1,2020-Apr-01,1-Apr,a442,6.4,4.9,6.3,,14,20.5,-1.7,63
2020,Apr,2,2020-Apr-02,2-Apr,a443,5.5,6.4,3.1,,11,14.2,-2,58
2020,Apr,3,2020-Apr-03,3-Apr,a444,8.6,9.5,0,,8,20,-0.4,54
2020,May,1,2020-May-01,1-May,a445,10.8,11.4,17.5,,13,19.4,1.3,62
2020,May,2,2020-May-02,2-May,a446,8.1,12.9,23.4,,16,18.1,0,67
2020,May,3,2020-May-03,3-May,a447,10.6,13.9,50.1,,19,21.4,0,63
2020,Jun,1,2020-Jun-01,1-Jun,a448,15.8,15.4,57.6,,14,27.1,5.1,81
2020,Jun,2,2020-Jun-02,2-Jun,a449,19.8,15.3,45.3,,22,29.4,10.9,77
2020,Jun,3,2020-Jun-03,3-Jun,a450,21.2,16.3,63,,25,29.4,13.4,72
2020,Jul,1,2020-Jul-01,1-Jul,a451,16.8,17.7,46.9,,16,24.1,8.6,78
2020,Jul,2,2020-Jul-02,2-Jul,a452,18.2,18.3,0.5,,28,28.7,8.9,66
2020,Jul,3,2020-Jul-03,3-Jul,a453,17.2,18.4,18.2,,26,29,8.7,74
2020,Aug,1,2020-Aug-01,1-Aug,a454,19.8,18.6,7.1,,17,29.7,9,67
2020,Aug,2,2020-Aug-02,2-Aug,a455,18.9,17.5,12.8,,19,29.9,8.6,64
2020,Aug,3,2020-Aug-03,3-Aug,a456,17,15.8,27.8,,26,27.5,9.4,80
2020,Sep,1,2020-Sep-01,1-Sep,a457,15.1,13.9,9.2,,17,21.5,8.7,81
2020,Sep,2,2020-Sep-02,2-Sep,a458,14.3,11.9,5.4,,15,26.7,2.8,75
2020,Sep,3,2020-Sep-03,3-Sep,a459,15.5,11.1,0.2,,14,25.9,4.7,72
2020,Oct,1,2020-Oct-01,1-Oct,a460,13.3,9.3,3.5,,18,22.7,4.3,82
2020,Oct,2,2020-Oct-02,2-Oct,a461,7.2,7.1,28.9,,13,13,0.8,86
2020,Oct,3,2020-Oct-03,3-Oct,a462,10.2,5.2,17,,18,14.9,5.5,89
2020,Nov,1,2020-Nov-01,1-Nov,a463,7.5,3.4,5,,15,13.5,-1.4,91
2020,Nov,2,2020-Nov-02,2-Nov,a464,5.4,1.5,17.2,,15,10.4,0.7,91
2020,Nov,3,2020-Nov-03,3-Nov,a465,3,0.4,11.1,,14,8.1,-1.1,91
2020,Dec,1,2020-Dec-01,1-Dec,a466,-0.6,-2,0,,13,5.5,-6.6,81
2020,Dec,2,2020-Dec-02,2-Dec,a467,0.9,-2.4,7.3,,15,5.4,-3.8,94
2020,Dec,3,2020-Dec-03,3-Dec,a468,1.3,-3,17.1,,16,5.3,-1.9,92
2021,Jan,1,2021-Jan-01,1-Jan,a469,-1.3,-3.8,13.5,100,12,1.4,-4.6,96
2021,Jan,2,2021-Jan-02,2-Jan,a470,-9.5,-2.6,7.3,170,10,-0.1,-26.4,86
2021,Jan,3,2021-Jan-03,3-Jan,a471,-0.2,-3.4,28.6,200,16,4.4,-6.1,90
2021,Feb,1,2021-Feb-01,1-Feb,a472,-9.3,-3.5,0.8,,10,0.2,-22,84
2021,Feb,2,2021-Feb-02,2-Feb,a473,-9.7,-3.6,1.4,,11,1.9,-21.2,82
2021,Feb,3,2021-Feb-03,3-Feb,a474,3,-3.4,0,,7,10.4,-5.6,88
2021,Mar,1,2021-Mar-01,1-Mar,a475,-0.2,-1.4,1,,10,9.4,-8,76
2021,Mar,2,2021-Mar-02,2-Mar,a476,0.9,0.2,9.5,,11.8,8.8,-7.2,81
2021,Mar,3,2021-Mar-03,3-Mar,a477,4.7,2.4,5.9,,12,14.5,-2.3,80
2021,Apr,1,2021-Apr-01,1-Apr,a478,3.5,4.9,12.9,,14,10.6,-2,76
2021,Apr,2,2021-Apr-02,2-Apr,a479,10.1,6.4,4,,11,20.7,2.2,59
2021,Apr,3,2021-Apr-03,3-Apr,a480,5.6,9.5,9.5,,8,17.1,-0.6,68
2021,May,1,2021-May-01,1-May,a481,7.8,11.4,33.1,,13,23.8,0.4,69
2021,May,2,2021-May-02,2-May,a482,14.5,12.9,33.2,,16,25.6,7.1,71
2021,May,3,2021-May-03,3-May,a483,11.9,13.9,34.6,,19,20.9,5.9,77
2021,Jun,1,2021-Jun-01,1-Jun,a484,18.1,15.4,2.4,,14,26.2,8.4,61
2021,Jun,2,2021-Jun-02,2-Jun,a485,18.6,15.3,5.5,,22,25.2,7.1,67
2021,Jun,3,2021-Jun-03,3-Jun,a486,22.2,16.3,22.2,,25,32.1,13.1,73
2021,Jul,1,2021-Jul-01,1-Jul,a487,23.2,17.7,9.1,,16,33,15,68
2021,Jul,2,2021-Jul-02,2-Jul,a488,24.3,18.3,5.9,,28,35,12.7,65
2021,Jul,3,2021-Jul-03,3-Jul,a489,21.1,18.4,6.1,,26,32.2,12.2,62
2021,Aug,1,2021-Aug-01,1-Aug,a490,17.3,18.6,31.8,,17,26.3,9.5,79
2021,Aug,2,2021-Aug-02,2-Aug,a491,17.1,17.5,63.1,,19,27.3,10.7,79
2021,Aug,3,2021-Aug-03,3-Aug,a492,14.6,15.8,55.9,,26,22.2,6.9,83
2021,Sep,1,2021-Sep-01,1-Sep,a493,13.4,13.9,1.3,,17,19.6,8.2,72.5
2021,Sep,2,2021-Sep-02,2-Sep,a494,11.9,11.9,15.6,,15,26.7,3.7,81
2021,Sep,3,2021-Sep-03,3-Sep,a495,9.6,11.1,11.3,,14,18.2,1.8,83
2021,Oct,1,2021-Oct-01,1-Oct,a496,9.3,9.3,4.3,,18,17.1,-2.7,72
2021,Oct,2,2021-Oct-02,2-Oct,a497,6.8,7.1,9.8,,13,13.8,-0.5,85
2021,Oct,3,2021-Oct-03,3-Oct,a498,8,5.2,20.9,,18,15.3,-0.3,84
2021,Nov,1,2021-Nov-01,1-Nov,a499,5.9,3.4,35.5,,15,10.9,-2.5,87
2021,Nov,2,2021-Nov-02,2-Nov,a500,4.4,1.5,16.7,,15,10.5,-0.8,90
2021,Nov,3,2021-Nov-03,3-Nov,a501,1.4,0.4,35.7,,14,9.6,-4.8,90
2021,Dec,1,2021-Dec-01,1-Dec,a502,-5.5,-2,9.4,,13,2.7,-16.6,89
2021,Dec,2,2021-Dec-02,2-Dec,a503,1.1,-2.4,10.8,,15,6.7,-6.7,92
2021,Dec,3,2021-Dec-03,3-Dec,a504,-6,-3,4.2,,16,3.9,-13,86
2022,Jan,1,2022-Jan-01,1-Jan,a505,-0.3,-3.8,17.6,,12,4.8,-5,89
2022,Jan,2,2022-Jan-02,2-Jan,a506,-0.4,-2.6,6.2,,10,7.9,-12.3,82
2022,Jan,3,2022-Jan-03,3-Jan,a507,-0.2,-3.4,35.4,,16,7.9,-12.3,85
2022,Feb,1,2022-Feb-01,1-Feb,a508,-0.2,-3.5,11.2,,10,5.5,-8.5,87
2022,Feb,2,2022-Feb-02,2-Feb,a509,2.2,-3.6,28.5,,11,8.6,-2.9,81
2022,Feb,3,2022-Feb-03,3-Feb,a510,1.5,-3.4,10.2,,7,7.3,-3.1,81
2022,Mar,1,2022-Mar-01,1-Mar,a511,-0.5,-1.4,2.9,,10,7,-7.9,72
2022,Mar,2,2022-Mar-02,2-Mar,a512,1.7,0.2,0,,11.8,11.5,-8.5,62
2022,Mar,3,2022-Mar-03,3-Mar,a513,3.8,2.4,0,,12,14.9,-6.5,61
2022,Apr,1,2022-Apr-01,1-Apr,a514,3.2,4.9,17.1,,14,14.7,-5.1,65
2022,Apr,2,2022-Apr-02,2-Apr,a515,6.7,6.4,3.5,,11,19.4,-2.9,61
2022,Apr,3,2022-Apr-03,3-Apr,a516,8,9.5,33,,8,18.7,-1.2,64
2022,May,1,2022-May-01,1-May,a517,9.3,11.4,1.7,,13,18.9,-0.8,59
2022,May,2,2022-May-02,2-May,a518,11.3,12.9,11.9,,16,21.7,1.7,67
2022,May,3,2022-May-03,3-May,a519,11.9,13.9,64.9,,19,21.9,4.4,76
2022,Jun,1,2022-Jun-01,1-Jun,a520,15.9,15.4,56.5,,14,27.4,6.5,78
2022,Jun,2,2022-Jun-02,2-Jun,a521,15.3,15.3,81.6,,22,23,9.4,79
2022,Jun,3,2022-Jun-03,3-Jun,a522,20.9,16.3,13.4,,25,30.9,9.1,74
2022,Jul,1,2022-Jul-01,1-Jul,a523,18.7,17.7,9.7,,16,24.2,13.9,75.7
2022,Jul,2,2022-Jul-02,2-Jul,a524,16.4,18.3,44.6,,28,21.5,12.4,78.2
2022,Jul,3,2022-Jul-03,3-Jul,a525,18.6,18.4,42.5,,26,24.3,13.3,72.8
2022,Aug,1,2022-Aug-01,1-Aug,a526,18.3,18.6,42,,17,30,8.8,71.5
2022,Aug,2,2022-Aug-02,2-Aug,a527,22.8,17.5,0,,19,31.5,11.4,64
2022,Aug,3,2022-Aug-03,3-Aug,a528,21,15.8,1.7,,26,32.2,10.5,72.4
2022,Sep,1,2022-Sep-01,1-Sep,a529,10.9,13.9,2.1,,17,18.9,0.4,70
2022,Sep,2,2022-Sep-02,2-Sep,a530,11.1,11.9,16.4,,15,18.7,6.9,86
2022,Sep,3,2022-Sep-03,3-Sep,a531,9.8,11.1,10.3,,14,17.8,3.6,84
2022,Oct,1,2022-Oct-01,1-Oct,a532,10,9.3,4.2,,18,17.2,2.1,82.2
2022,Oct,2,2022-Oct-02,2-Oct,a533,9.6,7.1,11.6,,13,16.7,0.1,83.5
2022,Oct,3,2022-Oct-03,3-Oct,a534,9.9,5.2,3.4,,18,14.7,0,86.1
2022,Nov,1,2022-Nov-01,1-Nov,a535,7.7,3.4,14.6,,15,12.1,3.5,92
2022,Nov,2,2022-Nov-02,2-Nov,a536,2.6,1.5,2.8,,15,12.3,-8.8,89.4
2022,Nov,3,2022-Nov-03,3-Nov,a537,-1.9,0.4,8.1,,14,0.5,-5.2,92
2022,Dec,1,2022-Dec-01,1-Dec,a538,-3.4,-2,9,,13,0.9,-9.4,92
2022,Dec,2,2022-Dec-02,2-Dec,a539,-6.9,-2.4,17.3,,15,1.1,-17.1,90
2022,Dec,3,2022-Dec-03,3-Dec,a540,0.8,-3,16.3,,16,6.5,-7.6,94
